{"q_value": 0.8199143886566163, "target_q_value": 0.8199833631515503, "_timestamp": 1687875589.471518, "_runtime": 13963.636812925339, "_step": 3660696}