{"q_value": 1.7033555865287782, "target_q_value": 1.654914140701294, "episode return mean": 650.0, "episode return std": 0.0, "train iter": 4010, "env step": 41704, "_timestamp": 1687854446.2408042, "_runtime": 310.3428792953491, "_step": 79248}