{"q_value": 0.10938329808413982, "target_q_value": -0.017110594548285007, "episode return mean": 650.0, "episode return std": 0.0, "train iter": 4, "env step": 104, "_timestamp": 1687850350.701692, "_runtime": 40.89762902259827, "_step": 4368}