{"q_value": 0.06776678748428822, "target_q_value": 0.05089607648551464, "_timestamp": 1687850376.4437163, "_runtime": 430.86024236679077, "_step": 151216}