{"q_value": 0.018043955229222773, "target_q_value": 0.013296034187078476, "_timestamp": 1687945993.4426086, "_runtime": 110.07650065422058, "_step": 13000}