{"q_value": 0.716874235868454, "target_q_value": 0.6979315459728241, "episode return mean": 650.0, "episode return std": 0.0, "train iter": 4010, "env step": 41704, "_timestamp": 1687852902.1487317, "_runtime": 281.2132616043091, "_step": 79352}