{"q_value": 0.8055201768875122, "target_q_value": 0.8059199452400208, "_timestamp": 1687875603.85746, "_runtime": 14496.128515958786, "_step": 4333264}