{"q_value": 0.04672158770263195, "target_q_value": 0.04332346469163895, "episode return mean": 0.0, "episode return std": 0.0, "train iter": 10, "env step": 104, "_timestamp": 1689231517.46625, "_runtime": 135.94415187835693, "_step": 21320}