{"q_value": 1.0578270733356476, "target_q_value": 0.9689326584339142, "_timestamp": 1687860366.0919187, "_runtime": 1218.5743777751923, "_step": 356304}