{"q_value": 0.2950102686882019, "target_q_value": 0.31119102239608765, "_timestamp": 1687875610.1949935, "_runtime": 13917.699035406113, "_step": 2305160}