{"cur_lr": 0.00025000000000000006, "total_loss": 0.0006240868584427517, "q_value": 0.02687218300998211, "target_q_value": 0.01823648754507303, "priority": 0.000624086844931071, "episode return mean": 0.0, "episode return std": 0.0, "train iter": 10, "env step": 104, "_timestamp": 1689230111.62931, "_runtime": 317.2546648979187, "_step": 41600, "_wandb": {"runtime": 391}}