{"q_value": 0.0626016017049551, "target_q_value": 0.05095065850764513, "_timestamp": 1687773027.0809948, "_runtime": 460.45435881614685, "_step": 172328}