{"q_value": -0.017058133520185946, "target_q_value": -0.017039577849209307, "episode return mean": 650.0, "episode return std": 0.0, "train iter": 10, "env step": 104, "_timestamp": 1687938359.4303536, "_runtime": 71.95495963096619, "_step": 14040}