{"q_value": 0.056759608909487724, "target_q_value": 0.05089541990309954, "_timestamp": 1687773892.3675175, "_runtime": 463.43247747421265, "_step": 172120}