{"q_value": 1.3681374311447143, "target_q_value": 1.3697419166564941, "_timestamp": 1687860660.8317435, "_runtime": 1396.1708385944366, "_step": 358904}