{"q_value": 0.06886057369410992, "target_q_value": 0.05085267964750528, "episode return mean": 650.0, "episode return std": 0.0, "train iter": 4, "env step": 104, "_timestamp": 1687850381.6907284, "_runtime": 449.7603793144226, "_step": 166088}