{"q_value": 1.2982716321945191, "target_q_value": 1.2652209103107452, "_timestamp": 1687860885.051905, "_runtime": 766.4700348377228, "_step": 224120}