{"q_value": 0.02313647512346506, "target_q_value": -0.017048845998942852, "episode return mean": 650.0, "episode return std": 0.0, "train iter": 4, "env step": 104, "_timestamp": 1687852246.7346282, "_runtime": 218.15415024757385, "_step": 79144}