{"q_value": 0.5378489911556243, "target_q_value": 0.5076104402542114, "episode return mean": 650.0, "episode return std": 0.0, "train iter": 4010, "env step": 41704, "_timestamp": 1687853349.063235, "_runtime": 272.2423770427704, "_step": 78312}